2025-09-28,
2025-09-28,
2025-09-28,
2025-09-28,
2025-09-28,
2025-09-29,
2025-09-29,
2025-09-29,
2025-09-30,
2025-10-01,
2025-10-02,
2025-10-03,
2025-10-04,
2025-10-05,
2026-04-15,
2026-04-15,
2026-04-15,
2026-04-15,
2026-04-15,
2026-04-15,
2026-04-15,
2026-04-15,
2026-04-15,
2026-04-15,
2026-04-15,
2026-04-15,
2026-04-15,
2026-04-15,
2026-04-15,
2026-04-15,
2026-04-15,
2026-04-15,
2026-04-16,
2026-04-16,
2026-04-16,
2026-04-18,
2026-04-19,
2026-04-19,
2026-04-20,
2026-04-20,
2026-04-20,
2026-04-20,
2026-04-21,
2026-04-21,
2026-04-22,
2026-04-23,
2026-04-24,
